"Data Source","World Development Indicators",

"Last Updated Date","2021-03-19",

"Country Name","Country Code","Indicator Name","Indicator Code","1960","1961","1962","1963","1964","1965","1966","1967","1968","1969","1970","1971","1972","1973","1974","1975","1976","1977","1978","1979","1980","1981","1982","1983","1984","1985","1986","1987","1988","1989","1990","1991","1992","1993","1994","1995","1996","1997","1998","1999","2000","2001","2002","2003","2004","2005","2006","2007","2008","2009","2010","2011","2012","2013","2014","2015","2016","2017","2018","2019","2020",
"Aruba","ABW","Mortality from CVD, cancer, diabetes or CRD between exact ages 30 and 70 (%)","SH.DYN.NCOM.ZS","","","","","","","","","","","","","","","","","","","","","","","","","","","","","","","","","","","","","","","","","","","","","","","","","","","","","","","","","","","","","",
"Afghanistan","AFG","Mortality from CVD, cancer, diabetes or CRD between exact ages 30 and 70 (%)","SH.DYN.NCOM.ZS","","","","","","","","","","","","","","","","","","","","","","","","","","","","","","","","","","","","","","","","","34.4","","","","","34.1","","","","","31.7","","","","","29.8","29.8","","","","",
"Angola","AGO","Mortality from CVD, cancer, diabetes or CRD between exact ages 30 and 70 (%)","SH.DYN.NCOM.ZS","","","","","","","","","","","","","","","","","","","","","","","","","","","","","","","","","","","","","","","","","24","","","","","21.3","","","","","18.1","","","","","16.9","16.5","","","","",
"Albania","ALB","Mortality from CVD, cancer, diabetes or CRD between exact ages 30 and 70 (%)","SH.DYN.NCOM.ZS","","","","","","","","","","","","","","","","","","","","","","","","","","","","","","","","","","","","","","","","","19.4","","","","","18.8","","","","","18.6","","","","","17.4","17","","","","",
"Andorra","AND","Mortality from CVD, cancer, diabetes or CRD between exact ages 30 and 70 (%)","SH.DYN.NCOM.ZS","","","","","","","","","","","","","","","","","","","","","","","","","","","","","","","","","","","","","","","","","","","","","","","","","","","","","","","","","","","","","",
"Arab World","ARB","Mortality from CVD, cancer, diabetes or CRD between exact ages 30 and 70 (%)","SH.DYN.NCOM.ZS","","","","","","","","","","","","","","","","","","","","","","","","","","","","","","","","","","","","","","","","","24.1018267987493","","","","","22.9332911743334","","","","","21.7233672412124","","","","","20.9268213567439","20.7130608377711","","","","",
"United Arab Emirates","ARE","Mortality from CVD, cancer, diabetes or CRD between exact ages 30 and 70 (%)","SH.DYN.NCOM.ZS","","","","","","","","","","","","","","","","","","","","","","","","","","","","","","","","","","","","","","","","","21.6","","","","","18.9","","","","","18.1","","","","","17","16.8","","","","",
"Argentina","ARG","Mortality from CVD, cancer, diabetes or CRD between exact ages 30 and 70 (%)","SH.DYN.NCOM.ZS","","","","","","","","","","","","","","","","","","","","","","","","","","","","","","","","","","","","","","","","","20.6","","","","","18.9","","","","","17.8","","","","","16.1","15.8","","","","",
"Armenia","ARM","Mortality from CVD, cancer, diabetes or CRD between exact ages 30 and 70 (%)","SH.DYN.NCOM.ZS","","","","","","","","","","","","","","","","","","","","","","","","","","","","","","","","","","","","","","","","","27.8","","","","","26.5","","","","","25.9","","","","","23","22.3","","","","",
"American Samoa","ASM","Mortality from CVD, cancer, diabetes or CRD between exact ages 30 and 70 (%)","SH.DYN.NCOM.ZS","","","","","","","","","","","","","","","","","","","","","","","","","","","","","","","","","","","","","","","","","","","","","","","","","","","","","","","","","","","","","",
"Antigua and Barbuda","ATG","Mortality from CVD, cancer, diabetes or CRD between exact ages 30 and 70 (%)","SH.DYN.NCOM.ZS","","","","","","","","","","","","","","","","","","","","","","","","","","","","","","","","","","","","","","","","","23.4","","","","","21.6","","","","","21.6","","","","","22.6","22.6","","","","",
"Australia","AUS","Mortality from CVD, cancer, diabetes or CRD between exact ages 30 and 70 (%)","SH.DYN.NCOM.ZS","","","","","","","","","","","","","","","","","","","","","","","","","","","","","","","","","","","","","","","","","13.1","","","","","11.4","","","","","10","","","","","9.3","9.1","","","","",
"Austria","AUT","Mortality from CVD, cancer, diabetes or CRD between exact ages 30 and 70 (%)","SH.DYN.NCOM.ZS","","","","","","","","","","","","","","","","","","","","","","","","","","","","","","","","","","","","","","","","","15.3","","","","","12.7","","","","","12.2","","","","","11.5","11.4","","","","",
"Azerbaijan","AZE","Mortality from CVD, cancer, diabetes or CRD between exact ages 30 and 70 (%)","SH.DYN.NCOM.ZS","","","","","","","","","","","","","","","","","","","","","","","","","","","","","","","","","","","","","","","","","29.3","","","","","29","","","","","24.8","","","","","22.5","22.2","","","","",
"Burundi","BDI","Mortality from CVD, cancer, diabetes or CRD between exact ages 30 and 70 (%)","SH.DYN.NCOM.ZS","","","","","","","","","","","","","","","","","","","","","","","","","","","","","","","","","","","","","","","","","23.5","","","","","22.8","","","","","22.8","","","","","22.8","22.9","","","","",
"Belgium","BEL","Mortality from CVD, cancer, diabetes or CRD between exact ages 30 and 70 (%)","SH.DYN.NCOM.ZS","","","","","","","","","","","","","","","","","","","","","","","","","","","","","","","","","","","","","","","","","15.2","","","","","13.5","","","","","12.8","","","","","11.6","11.4","","","","",
"Benin","BEN","Mortality from CVD, cancer, diabetes or CRD between exact ages 30 and 70 (%)","SH.DYN.NCOM.ZS","","","","","","","","","","","","","","","","","","","","","","","","","","","","","","","","","","","","","","","","","20","","","","","20.1","","","","","19.8","","","","","19.7","19.6","","","","",
"Burkina Faso","BFA","Mortality from CVD, cancer, diabetes or CRD between exact ages 30 and 70 (%)","SH.DYN.NCOM.ZS","","","","","","","","","","","","","","","","","","","","","","","","","","","","","","","","","","","","","","","","","22.6","","","","","22.5","","","","","22.4","","","","","21.9","21.7","","","","",
"Bangladesh","BGD","Mortality from CVD, cancer, diabetes or CRD between exact ages 30 and 70 (%)","SH.DYN.NCOM.ZS","","","","","","","","","","","","","","","","","","","","","","","","","","","","","","","","","","","","","","","","","21.4","","","","","21.8","","","","","22.2","","","","","21.7","21.6","","","","",
"Bulgaria","BGR","Mortality from CVD, cancer, diabetes or CRD between exact ages 30 and 70 (%)","SH.DYN.NCOM.ZS","","","","","","","","","","","","","","","","","","","","","","","","","","","","","","","","","","","","","","","","","28.5","","","","","27.5","","","","","25.1","","","","","23.8","23.6","","","","",
"Bahrain","BHR","Mortality from CVD, cancer, diabetes or CRD between exact ages 30 and 70 (%)","SH.DYN.NCOM.ZS","","","","","","","","","","","","","","","","","","","","","","","","","","","","","","","","","","","","","","","","","23.5","","","","","18.1","","","","","13.8","","","","","11.7","11.3","","","","",
"Bahamas, The","BHS","Mortality from CVD, cancer, diabetes or CRD between exact ages 30 and 70 (%)","SH.DYN.NCOM.ZS","","","","","","","","","","","","","","","","","","","","","","","","","","","","","","","","","","","","","","","","","20.1","","","","","18.5","","","","","16.9","","","","","15.6","15.5","","","","",
"Bosnia and Herzegovina","BIH","Mortality from CVD, cancer, diabetes or CRD between exact ages 30 and 70 (%)","SH.DYN.NCOM.ZS","","","","","","","","","","","","","","","","","","","","","","","","","","","","","","","","","","","","","","","","","24.4","","","","","22.8","","","","","20.9","","","","","18.2","17.8","","","","",
"Belarus","BLR","Mortality from CVD, cancer, diabetes or CRD between exact ages 30 and 70 (%)","SH.DYN.NCOM.ZS","","","","","","","","","","","","","","","","","","","","","","","","","","","","","","","","","","","","","","","","","34","","","","","34.7","","","","","31","","","","","24.5","23.7","","","","",
"Belize","BLZ","Mortality from CVD, cancer, diabetes or CRD between exact ages 30 and 70 (%)","SH.DYN.NCOM.ZS","","","","","","","","","","","","","","","","","","","","","","","","","","","","","","","","","","","","","","","","","26.2","","","","","24.3","","","","","23.2","","","","","22.4","22.1","","","","",
"Bermuda","BMU","Mortality from CVD, cancer, diabetes or CRD between exact ages 30 and 70 (%)","SH.DYN.NCOM.ZS","","","","","","","","","","","","","","","","","","","","","","","","","","","","","","","","","","","","","","","","","","","","","","","","","","","","","","","","","","","","","",
"Bolivia","BOL","Mortality from CVD, cancer, diabetes or CRD between exact ages 30 and 70 (%)","SH.DYN.NCOM.ZS","","","","","","","","","","","","","","","","","","","","","","","","","","","","","","","","","","","","","","","","","23","","","","","20.8","","","","","18.8","","","","","17.4","17.2","","","","",
"Brazil","BRA","Mortality from CVD, cancer, diabetes or CRD between exact ages 30 and 70 (%)","SH.DYN.NCOM.ZS","","","","","","","","","","","","","","","","","","","","","","","","","","","","","","","","","","","","","","","","","24.4","","","","","20.8","","","","","19","","","","","17","16.6","","","","",
"Barbados","BRB","Mortality from CVD, cancer, diabetes or CRD between exact ages 30 and 70 (%)","SH.DYN.NCOM.ZS","","","","","","","","","","","","","","","","","","","","","","","","","","","","","","","","","","","","","","","","","21","","","","","18.8","","","","","18","","","","","16.3","16.2","","","","",
"Brunei Darussalam","BRN","Mortality from CVD, cancer, diabetes or CRD between exact ages 30 and 70 (%)","SH.DYN.NCOM.ZS","","","","","","","","","","","","","","","","","","","","","","","","","","","","","","","","","","","","","","","","","20.5","","","","","17.5","","","","","17.4","","","","","17","16.6","","","","",
"Bhutan","BTN","Mortality from CVD, cancer, diabetes or CRD between exact ages 30 and 70 (%)","SH.DYN.NCOM.ZS","","","","","","","","","","","","","","","","","","","","","","","","","","","","","","","","","","","","","","","","","30.8","","","","","27.8","","","","","25.1","","","","","23.7","23.3","","","","",
"Botswana","BWA","Mortality from CVD, cancer, diabetes or CRD between exact ages 30 and 70 (%)","SH.DYN.NCOM.ZS","","","","","","","","","","","","","","","","","","","","","","","","","","","","","","","","","","","","","","","","","23.1","","","","","23.7","","","","","22.2","","","","","20.7","20.3","","","","",
"Central African Republic","CAF","Mortality from CVD, cancer, diabetes or CRD between exact ages 30 and 70 (%)","SH.DYN.NCOM.ZS","","","","","","","","","","","","","","","","","","","","","","","","","","","","","","","","","","","","","","","","","24.9","","","","","24.3","","","","","24.9","","","","","23.7","23.1","","","","",
"Canada","CAN","Mortality from CVD, cancer, diabetes or CRD between exact ages 30 and 70 (%)","SH.DYN.NCOM.ZS","","","","","","","","","","","","","","","","","","","","","","","","","","","","","","","","","","","","","","","","","14.4","","","","","12.6","","","","","11.1","","","","","10","9.8","","","","",
"Central Europe and the Baltics","CEB","Mortality from CVD, cancer, diabetes or CRD between exact ages 30 and 70 (%)","SH.DYN.NCOM.ZS","","","","","","","","","","","","","","","","","","","","","","","","","","","","","","","","","","","","","","","","","25.4207718092265","","","","","23.5960683998791","","","","","21.3946281171676","","","","","19.8249099382819","19.3840991827648","","","","",
"Switzerland","CHE","Mortality from CVD, cancer, diabetes or CRD between exact ages 30 and 70 (%)","SH.DYN.NCOM.ZS","","","","","","","","","","","","","","","","","","","","","","","","","","","","","","","","","","","","","","","","","12.6","","","","","10.9","","","","","9.7","","","","","8.7","8.6","","","","",
"Channel Islands","CHI","Mortality from CVD, cancer, diabetes or CRD between exact ages 30 and 70 (%)","SH.DYN.NCOM.ZS","","","","","","","","","","","","","","","","","","","","","","","","","","","","","","","","","","","","","","","","","","","","","","","","","","","","","","","","","","","","","",
"Chile","CHL","Mortality from CVD, cancer, diabetes or CRD between exact ages 30 and 70 (%)","SH.DYN.NCOM.ZS","","","","","","","","","","","","","","","","","","","","","","","","","","","","","","","","","","","","","","","","","14.6","","","","","13.9","","","","","13.3","","","","","12.5","12.4","","","","",
"China","CHN","Mortality from CVD, cancer, diabetes or CRD between exact ages 30 and 70 (%)","SH.DYN.NCOM.ZS","","","","","","","","","","","","","","","","","","","","","","","","","","","","","","","","","","","","","","","","","21.5","","","","","19","","","","","18.1","","","","","17.4","17","","","","",
"Cote d'Ivoire","CIV","Mortality from CVD, cancer, diabetes or CRD between exact ages 30 and 70 (%)","SH.DYN.NCOM.ZS","","","","","","","","","","","","","","","","","","","","","","","","","","","","","","","","","","","","","","","","","26.2","","","","","28.1","","","","","28.6","","","","","29.3","29.1","","","","",
"Cameroon","CMR","Mortality from CVD, cancer, diabetes or CRD between exact ages 30 and 70 (%)","SH.DYN.NCOM.ZS","","","","","","","","","","","","","","","","","","","","","","","","","","","","","","","","","","","","","","","","","24.5","","","","","22.8","","","","","21.8","","","","","21.8","21.6","","","","",
"Congo, Dem. Rep.","COD","Mortality from CVD, cancer, diabetes or CRD between exact ages 30 and 70 (%)","SH.DYN.NCOM.ZS","","","","","","","","","","","","","","","","","","","","","","","","","","","","","","","","","","","","","","","","","22.7","","","","","21.3","","","","","20.1","","","","","19.4","19.4","","","","",
"Congo, Rep.","COG","Mortality from CVD, cancer, diabetes or CRD between exact ages 30 and 70 (%)","SH.DYN.NCOM.ZS","","","","","","","","","","","","","","","","","","","","","","","","","","","","","","","","","","","","","","","","","24.8","","","","","22.1","","","","","19","","","","","17","16.7","","","","",
"Colombia","COL","Mortality from CVD, cancer, diabetes or CRD between exact ages 30 and 70 (%)","SH.DYN.NCOM.ZS","","","","","","","","","","","","","","","","","","","","","","","","","","","","","","","","","","","","","","","","","20.6","","","","","18.8","","","","","17.3","","","","","15.9","15.8","","","","",
"Comoros","COM","Mortality from CVD, cancer, diabetes or CRD between exact ages 30 and 70 (%)","SH.DYN.NCOM.ZS","","","","","","","","","","","","","","","","","","","","","","","","","","","","","","","","","","","","","","","","","25.9","","","","","24.6","","","","","23.5","","","","","23","22.9","","","","",
"Cabo Verde","CPV","Mortality from CVD, cancer, diabetes or CRD between exact ages 30 and 70 (%)","SH.DYN.NCOM.ZS","","","","","","","","","","","","","","","","","","","","","","","","","","","","","","","","","","","","","","","","","20.9","","","","","19.4","","","","","18.3","","","","","17.4","17.2","","","","",
"Costa Rica","CRI","Mortality from CVD, cancer, diabetes or CRD between exact ages 30 and 70 (%)","SH.DYN.NCOM.ZS","","","","","","","","","","","","","","","","","","","","","","","","","","","","","","","","","","","","","","","","","14.2","","","","","12.6","","","","","13","","","","","11.6","11.5","","","","",
"Caribbean small states","CSS","Mortality from CVD, cancer, diabetes or CRD between exact ages 30 and 70 (%)","SH.DYN.NCOM.ZS","","","","","","","","","","","","","","","","","","","","","","","","","","","","","","","","","","","","","","","","","23.7315162584564","","","","","21.6531946394327","","","","","20.2275752998809","","","","","19.2242190628185","19.0975128406851","","","","",
"Cuba","CUB","Mortality from CVD, cancer, diabetes or CRD between exact ages 30 and 70 (%)","SH.DYN.NCOM.ZS","","","","","","","","","","","","","","","","","","","","","","","","","","","","","","","","","","","","","","","","","18.1","","","","","17.6","","","","","17.6","","","","","16.6","16.4","","","","",
"Curacao","CUW","Mortality from CVD, cancer, diabetes or CRD between exact ages 30 and 70 (%)","SH.DYN.NCOM.ZS","","","","","","","","","","","","","","","","","","","","","","","","","","","","","","","","","","","","","","","","","","","","","","","","","","","","","","","","","","","","","",
"Cayman Islands","CYM","Mortality from CVD, cancer, diabetes or CRD between exact ages 30 and 70 (%)","SH.DYN.NCOM.ZS","","","","","","","","","","","","","","","","","","","","","","","","","","","","","","","","","","","","","","","","","","","","","","","","","","","","","","","","","","","","","",
"Cyprus","CYP","Mortality from CVD, cancer, diabetes or CRD between exact ages 30 and 70 (%)","SH.DYN.NCOM.ZS","","","","","","","","","","","","","","","","","","","","","","","","","","","","","","","","","","","","","","","","","14.1","","","","","13.8","","","","","11.8","","","","","11.5","11.3","","","","",
"Czech Republic","CZE","Mortality from CVD, cancer, diabetes or CRD between exact ages 30 and 70 (%)","SH.DYN.NCOM.ZS","","","","","","","","","","","","","","","","","","","","","","","","","","","","","","","","","","","","","","","","","22.6","","","","","19.9","","","","","17.7","","","","","15.5","15","","","","",
"Germany","DEU","Mortality from CVD, cancer, diabetes or CRD between exact ages 30 and 70 (%)","SH.DYN.NCOM.ZS","","","","","","","","","","","","","","","","","","","","","","","","","","","","","","","","","","","","","","","","","16.1","","","","","14.1","","","","","13.1","","","","","12.5","12.1","","","","",
"Djibouti","DJI","Mortality from CVD, cancer, diabetes or CRD between exact ages 30 and 70 (%)","SH.DYN.NCOM.ZS","","","","","","","","","","","","","","","","","","","","","","","","","","","","","","","","","","","","","","","","","21.6","","","","","20.9","","","","","19.1","","","","","19.5","19.6","","","","",
"Dominica","DMA","Mortality from CVD, cancer, diabetes or CRD between exact ages 30 and 70 (%)","SH.DYN.NCOM.ZS","","","","","","","","","","","","","","","","","","","","","","","","","","","","","","","","","","","","","","","","","","","","","","","","","","","","","","","","","","","","","",
"Denmark","DNK","Mortality from CVD, cancer, diabetes or CRD between exact ages 30 and 70 (%)","SH.DYN.NCOM.ZS","","","","","","","","","","","","","","","","","","","","","","","","","","","","","","","","","","","","","","","","","18.3","","","","","15.1","","","","","13.4","","","","","11.7","11.3","","","","",
"Dominican Republic","DOM","Mortality from CVD, cancer, diabetes or CRD between exact ages 30 and 70 (%)","SH.DYN.NCOM.ZS","","","","","","","","","","","","","","","","","","","","","","","","","","","","","","","","","","","","","","","","","21.9","","","","","20.4","","","","","19.6","","","","","19.1","19","","","","",
"Algeria","DZA","Mortality from CVD, cancer, diabetes or CRD between exact ages 30 and 70 (%)","SH.DYN.NCOM.ZS","","","","","","","","","","","","","","","","","","","","","","","","","","","","","","","","","","","","","","","","","21.1","","","","","17.6","","","","","15.4","","","","","14.4","14.2","","","","",
"East Asia & Pacific (excluding high income)","EAP","Mortality from CVD, cancer, diabetes or CRD between exact ages 30 and 70 (%)","SH.DYN.NCOM.ZS","","","","","","","","","","","","","","","","","","","","","","","","","","","","","","","","","","","","","","","","","22.1272675765259","","","","","20.3513130504836","","","","","19.64211395377","","","","","19.0089822070102","18.6949133760206","","","","",
"Early-demographic dividend","EAR","Mortality from CVD, cancer, diabetes or CRD between exact ages 30 and 70 (%)","SH.DYN.NCOM.ZS","","","","","","","","","","","","","","","","","","","","","","","","","","","","","","","","","","","","","","","","","24.9930513449171","","","","","24.1097792342018","","","","","23.2428314933734","","","","","22.460693080747","22.2673922733835","","","","",
"East Asia & Pacific","EAS","Mortality from CVD, cancer, diabetes or CRD between exact ages 30 and 70 (%)","SH.DYN.NCOM.ZS","","","","","","","","","","","","","","","","","","","","","","","","","","","","","","","","","","","","","","","","","21.042887513239","","","","","19.3531333261586","","","","","18.6083340192524","","","","","17.969366883088","17.6729724016996","","","","",
"Europe & Central Asia (excluding high income)","ECA","Mortality from CVD, cancer, diabetes or CRD between exact ages 30 and 70 (%)","SH.DYN.NCOM.ZS","","","","","","","","","","","","","","","","","","","","","","","","","","","","","","","","","","","","","","","","","32.7756304778786","","","","","32.3805494866128","","","","","27.2074909875591","","","","","23.7898859107666","23.1574222507997","","","","",
"Europe & Central Asia","ECS","Mortality from CVD, cancer, diabetes or CRD between exact ages 30 and 70 (%)","SH.DYN.NCOM.ZS","","","","","","","","","","","","","","","","","","","","","","","","","","","","","","","","","","","","","","","","","23.2349313209792","","","","","21.9017649244059","","","","","19.0035921916566","","","","","17.2125092954118","16.811510129817","","","","",
"Ecuador","ECU","Mortality from CVD, cancer, diabetes or CRD between exact ages 30 and 70 (%)","SH.DYN.NCOM.ZS","","","","","","","","","","","","","","","","","","","","","","","","","","","","","","","","","","","","","","","","","16.6","","","","","15","","","","","13.8","","","","","13.4","13","","","","",
"Egypt, Arab Rep.","EGY","Mortality from CVD, cancer, diabetes or CRD between exact ages 30 and 70 (%)","SH.DYN.NCOM.ZS","","","","","","","","","","","","","","","","","","","","","","","","","","","","","","","","","","","","","","","","","25.3","","","","","27.1","","","","","28","","","","","28.2","27.7","","","","",
"Euro area","EMU","Mortality from CVD, cancer, diabetes or CRD between exact ages 30 and 70 (%)","SH.DYN.NCOM.ZS","","","","","","","","","","","","","","","","","","","","","","","","","","","","","","","","","","","","","","","","","15.1580542365681","","","","","13.4007539092559","","","","","12.1740733423881","","","","","11.3589992352073","11.097770122146","","","","",
"Eritrea","ERI","Mortality from CVD, cancer, diabetes or CRD between exact ages 30 and 70 (%)","SH.DYN.NCOM.ZS","","","","","","","","","","","","","","","","","","","","","","","","","","","","","","","","","","","","","","","","","25.7","","","","","25.2","","","","","24.8","","","","","24.2","23.9","","","","",
"Spain","ESP","Mortality from CVD, cancer, diabetes or CRD between exact ages 30 and 70 (%)","SH.DYN.NCOM.ZS","","","","","","","","","","","","","","","","","","","","","","","","","","","","","","","","","","","","","","","","","13.5","","","","","12.2","","","","","10.7","","","","","10.1","9.9","","","","",
"Estonia","EST","Mortality from CVD, cancer, diabetes or CRD between exact ages 30 and 70 (%)","SH.DYN.NCOM.ZS","","","","","","","","","","","","","","","","","","","","","","","","","","","","","","","","","","","","","","","","","26.9","","","","","23.8","","","","","19.6","","","","","16.9","17","","","","",
"Ethiopia","ETH","Mortality from CVD, cancer, diabetes or CRD between exact ages 30 and 70 (%)","SH.DYN.NCOM.ZS","","","","","","","","","","","","","","","","","","","","","","","","","","","","","","","","","","","","","","","","","21.7","","","","","20.4","","","","","18.9","","","","","18.4","18.3","","","","",
"European Union","EUU","Mortality from CVD, cancer, diabetes or CRD between exact ages 30 and 70 (%)","SH.DYN.NCOM.ZS","","","","","","","","","","","","","","","","","","","","","","","","","","","","","","","","","","","","","","","","","17.3299232449207","","","","","15.4707198527451","","","","","14.0698319008731","","","","","13.1149825838844","12.8204112601864","","","","",
"Fragile and conflict affected situations","FCS","Mortality from CVD, cancer, diabetes or CRD between exact ages 30 and 70 (%)","SH.DYN.NCOM.ZS","","","","","","","","","","","","","","","","","","","","","","","","","","","","","","","","","","","","","","","","","25.3470263743351","","","","","24.4749470822815","","","","","23.1854556843701","","","","","22.6482995003954","22.5978088267174","","","","",
"Finland","FIN","Mortality from CVD, cancer, diabetes or CRD between exact ages 30 and 70 (%)","SH.DYN.NCOM.ZS","","","","","","","","","","","","","","","","","","","","","","","","","","","","","","","","","","","","","","","","","14.6","","","","","12.9","","","","","11.8","","","","","10.5","10.2","","","","",
"Fiji","FJI","Mortality from CVD, cancer, diabetes or CRD between exact ages 30 and 70 (%)","SH.DYN.NCOM.ZS","","","","","","","","","","","","","","","","","","","","","","","","","","","","","","","","","","","","","","","","","36.4","","","","","35.6","","","","","32.9","","","","","30.8","30.6","","","","",
"France","FRA","Mortality from CVD, cancer, diabetes or CRD between exact ages 30 and 70 (%)","SH.DYN.NCOM.ZS","","","","","","","","","","","","","","","","","","","","","","","","","","","","","","","","","","","","","","","","","13.8","","","","","12.6","","","","","11.8","","","","","10.8","10.6","","","","",
"Faroe Islands","FRO","Mortality from CVD, cancer, diabetes or CRD between exact ages 30 and 70 (%)","SH.DYN.NCOM.ZS","","","","","","","","","","","","","","","","","","","","","","","","","","","","","","","","","","","","","","","","","","","","","","","","","","","","","","","","","","","","","",
"Micronesia, Fed. Sts.","FSM","Mortality from CVD, cancer, diabetes or CRD between exact ages 30 and 70 (%)","SH.DYN.NCOM.ZS","","","","","","","","","","","","","","","","","","","","","","","","","","","","","","","","","","","","","","","","","27.4","","","","","27.2","","","","","26.4","","","","","26.5","26.1","","","","",
"Gabon","GAB","Mortality from CVD, cancer, diabetes or CRD between exact ages 30 and 70 (%)","SH.DYN.NCOM.ZS","","","","","","","","","","","","","","","","","","","","","","","","","","","","","","","","","","","","","","","","","17.1","","","","","15.1","","","","","15.1","","","","","14.8","14.4","","","","",
"United Kingdom","GBR","Mortality from CVD, cancer, diabetes or CRD between exact ages 30 and 70 (%)","SH.DYN.NCOM.ZS","","","","","","","","","","","","","","","","","","","","","","","","","","","","","","","","","","","","","","","","","16.4","","","","","14.2","","","","","12.2","","","","","11.2","10.9","","","","",
"Georgia","GEO","Mortality from CVD, cancer, diabetes or CRD between exact ages 30 and 70 (%)","SH.DYN.NCOM.ZS","","","","","","","","","","","","","","","","","","","","","","","","","","","","","","","","","","","","","","","","","24.7","","","","","23","","","","","25","","","","","24.9","24.9","","","","",
"Ghana","GHA","Mortality from CVD, cancer, diabetes or CRD between exact ages 30 and 70 (%)","SH.DYN.NCOM.ZS","","","","","","","","","","","","","","","","","","","","","","","","","","","","","","","","","","","","","","","","","21.6","","","","","20.3","","","","","20.4","","","","","20.9","20.8","","","","",
"Gibraltar","GIB","Mortality from CVD, cancer, diabetes or CRD between exact ages 30 and 70 (%)","SH.DYN.NCOM.ZS","","","","","","","","","","","","","","","","","","","","","","","","","","","","","","","","","","","","","","","","","","","","","","","","","","","","","","","","","","","","","",
"Guinea","GIN","Mortality from CVD, cancer, diabetes or CRD between exact ages 30 and 70 (%)","SH.DYN.NCOM.ZS","","","","","","","","","","","","","","","","","","","","","","","","","","","","","","","","","","","","","","","","","22.4","","","","","23.3","","","","","23.1","","","","","22.6","22.4","","","","",
"Gambia, The","GMB","Mortality from CVD, cancer, diabetes or CRD between exact ages 30 and 70 (%)","SH.DYN.NCOM.ZS","","","","","","","","","","","","","","","","","","","","","","","","","","","","","","","","","","","","","","","","","23.1","","","","","22.1","","","","","21.1","","","","","20.6","20.4","","","","",
"Guinea-Bissau","GNB","Mortality from CVD, cancer, diabetes or CRD between exact ages 30 and 70 (%)","SH.DYN.NCOM.ZS","","","","","","","","","","","","","","","","","","","","","","","","","","","","","","","","","","","","","","","","","23.4","","","","","22.3","","","","","21.5","","","","","19.8","20","","","","",
"Equatorial Guinea","GNQ","Mortality from CVD, cancer, diabetes or CRD between exact ages 30 and 70 (%)","SH.DYN.NCOM.ZS","","","","","","","","","","","","","","","","","","","","","","","","","","","","","","","","","","","","","","","","","26.4","","","","","23.6","","","","","23","","","","","22","22","","","","",
"Greece","GRC","Mortality from CVD, cancer, diabetes or CRD between exact ages 30 and 70 (%)","SH.DYN.NCOM.ZS","","","","","","","","","","","","","","","","","","","","","","","","","","","","","","","","","","","","","","","","","14.9","","","","","13.6","","","","","12.9","","","","","12.3","12.4","","","","",
"Grenada","GRD","Mortality from CVD, cancer, diabetes or CRD between exact ages 30 and 70 (%)","SH.DYN.NCOM.ZS","","","","","","","","","","","","","","","","","","","","","","","","","","","","","","","","","","","","","","","","","26.8","","","","","25.4","","","","","23.9","","","","","21.7","21.4","","","","",
"Greenland","GRL","Mortality from CVD, cancer, diabetes or CRD between exact ages 30 and 70 (%)","SH.DYN.NCOM.ZS","","","","","","","","","","","","","","","","","","","","","","","","","","","","","","","","","","","","","","","","","","","","","","","","","","","","","","","","","","","","","",
"Guatemala","GTM","Mortality from CVD, cancer, diabetes or CRD between exact ages 30 and 70 (%)","SH.DYN.NCOM.ZS","","","","","","","","","","","","","","","","","","","","","","","","","","","","","","","","","","","","","","","","","15","","","","","15.1","","","","","14.9","","","","","14.9","14.9","","","","",
"Guam","GUM","Mortality from CVD, cancer, diabetes or CRD between exact ages 30 and 70 (%)","SH.DYN.NCOM.ZS","","","","","","","","","","","","","","","","","","","","","","","","","","","","","","","","","","","","","","","","","","","","","","","","","","","","","","","","","","","","","",
"Guyana","GUY","Mortality from CVD, cancer, diabetes or CRD between exact ages 30 and 70 (%)","SH.DYN.NCOM.ZS","","","","","","","","","","","","","","","","","","","","","","","","","","","","","","","","","","","","","","","","","32.7","","","","","31.3","","","","","31.2","","","","","30.6","30.5","","","","",
"High income","HIC","Mortality from CVD, cancer, diabetes or CRD between exact ages 30 and 70 (%)","SH.DYN.NCOM.ZS","","","","","","","","","","","","","","","","","","","","","","","","","","","","","","","","","","","","","","","","","16.3945510368688","","","","","14.5893031601743","","","","","13.2045264914976","","","","","12.4315727422656","12.3169339052133","","","","",
"Hong Kong SAR, China","HKG","Mortality from CVD, cancer, diabetes or CRD between exact ages 30 and 70 (%)","SH.DYN.NCOM.ZS","","","","","","","","","","","","","","","","","","","","","","","","","","","","","","","","","","","","","","","","","","","","","","","","","","","","","","","","","","","","","",
"Honduras","HND","Mortality from CVD, cancer, diabetes or CRD between exact ages 30 and 70 (%)","SH.DYN.NCOM.ZS","","","","","","","","","","","","","","","","","","","","","","","","","","","","","","","","","","","","","","","","","16.6","","","","","15.7","","","","","14.3","","","","","14","14","","","","",
"Heavily indebted poor countries (HIPC)","HPC","Mortality from CVD, cancer, diabetes or CRD between exact ages 30 and 70 (%)","SH.DYN.NCOM.ZS","","","","","","","","","","","","","","","","","","","","","","","","","","","","","","","","","","","","","","","","","24.2873464873291","","","","","22.9467037349174","","","","","21.6900725893073","","","","","21.1147103168174","21.0346290169703","","","","",
"Croatia","HRV","Mortality from CVD, cancer, diabetes or CRD between exact ages 30 and 70 (%)","SH.DYN.NCOM.ZS","","","","","","","","","","","","","","","","","","","","","","","","","","","","","","","","","","","","","","","","","22.9","","","","","20.7","","","","","18.8","","","","","17.2","16.7","","","","",
"Haiti","HTI","Mortality from CVD, cancer, diabetes or CRD between exact ages 30 and 70 (%)","SH.DYN.NCOM.ZS","","","","","","","","","","","","","","","","","","","","","","","","","","","","","","","","","","","","","","","","","29.1","","","","","23.4","","","","","22.3","","","","","26.7","26.5","","","","",
"Hungary","HUN","Mortality from CVD, cancer, diabetes or CRD between exact ages 30 and 70 (%)","SH.DYN.NCOM.ZS","","","","","","","","","","","","","","","","","","","","","","","","","","","","","","","","","","","","","","","","","28.1","","","","","26.7","","","","","24.2","","","","","23.3","23","","","","",
"IBRD only","IBD","Mortality from CVD, cancer, diabetes or CRD between exact ages 30 and 70 (%)","SH.DYN.NCOM.ZS","","","","","","","","","","","","","","","","","","","","","","","","","","","","","","","","","","","","","","","","","24.2228271237022","","","","","22.4687873982358","","","","","21.133730307124","","","","","20.1329840568916","19.821333165676","","","","",
"IDA & IBRD total","IBT","Mortality from CVD, cancer, diabetes or CRD between exact ages 30 and 70 (%)","SH.DYN.NCOM.ZS","","","","","","","","","","","","","","","","","","","","","","","","","","","","","","","","","","","","","","","","","24.2938068058204","","","","","22.7231535976103","","","","","21.4273321108294","","","","","20.501358783217","20.2322322322137","","","","",
"IDA total","IDA","Mortality from CVD, cancer, diabetes or CRD between exact ages 30 and 70 (%)","SH.DYN.NCOM.ZS","","","","","","","","","","","","","","","","","","","","","","","","","","","","","","","","","","","","","","","","","24.6724288355593","","","","","24.0440762334349","","","","","22.8724179403439","","","","","22.2166871461074","22.125227958898","","","","",
"IDA blend","IDB","Mortality from CVD, cancer, diabetes or CRD between exact ages 30 and 70 (%)","SH.DYN.NCOM.ZS","","","","","","","","","","","","","","","","","","","","","","","","","","","","","","","","","","","","","","","","","25.6438631727045","","","","","25.2241611322724","","","","","23.5070652647608","","","","","22.8107455659144","22.7338002691267","","","","",
"Indonesia","IDN","Mortality from CVD, cancer, diabetes or CRD between exact ages 30 and 70 (%)","SH.DYN.NCOM.ZS","","","","","","","","","","","","","","","","","","","","","","","","","","","","","","","","","","","","","","","","","26.3","","","","","26.8","","","","","27","","","","","26.5","26.4","","","","",
"IDA only","IDX","Mortality from CVD, cancer, diabetes or CRD between exact ages 30 and 70 (%)","SH.DYN.NCOM.ZS","","","","","","","","","","","","","","","","","","","","","","","","","","","","","","","","","","","","","","","","","24.1794352268518","","","","","23.448441055462","","","","","22.5500491669139","","","","","21.9116480181495","21.8122509329849","","","","",
"Isle of Man","IMN","Mortality from CVD, cancer, diabetes or CRD between exact ages 30 and 70 (%)","SH.DYN.NCOM.ZS","","","","","","","","","","","","","","","","","","","","","","","","","","","","","","","","","","","","","","","","","","","","","","","","","","","","","","","","","","","","","",
"India","IND","Mortality from CVD, cancer, diabetes or CRD between exact ages 30 and 70 (%)","SH.DYN.NCOM.ZS","","","","","","","","","","","","","","","","","","","","","","","","","","","","","","","","","","","","","","","","","26.6","","","","","25.1","","","","","24.2","","","","","23.5","23.3","","","","",
"Not classified","INX","Mortality from CVD, cancer, diabetes or CRD between exact ages 30 and 70 (%)","SH.DYN.NCOM.ZS","","","","","","","","","","","","","","","","","","","","","","","","","","","","","","","","","","","","","","","","","","","","","","","","","","","","","","","","","","","","","",
"Ireland","IRL","Mortality from CVD, cancer, diabetes or CRD between exact ages 30 and 70 (%)","SH.DYN.NCOM.ZS","","","","","","","","","","","","","","","","","","","","","","","","","","","","","","","","","","","","","","","","","17.9","","","","","13.6","","","","","11.2","","","","","10.5","10.3","","","","",
"Iran, Islamic Rep.","IRN","Mortality from CVD, cancer, diabetes or CRD between exact ages 30 and 70 (%)","SH.DYN.NCOM.ZS","","","","","","","","","","","","","","","","","","","","","","","","","","","","","","","","","","","","","","","","","23.9","","","","","21.5","","","","","18","","","","","15.1","14.8","","","","",
"Iraq","IRQ","Mortality from CVD, cancer, diabetes or CRD between exact ages 30 and 70 (%)","SH.DYN.NCOM.ZS","","","","","","","","","","","","","","","","","","","","","","","","","","","","","","","","","","","","","","","","","24.2","","","","","22.9","","","","","22.5","","","","","21.6","21.3","","","","",
"Iceland","ISL","Mortality from CVD, cancer, diabetes or CRD between exact ages 30 and 70 (%)","SH.DYN.NCOM.ZS","","","","","","","","","","","","","","","","","","","","","","","","","","","","","","","","","","","","","","","","","13.4","","","","","11.8","","","","","9.8","","","","","9.3","9.1","","","","",
"Israel","ISR","Mortality from CVD, cancer, diabetes or CRD between exact ages 30 and 70 (%)","SH.DYN.NCOM.ZS","","","","","","","","","","","","","","","","","","","","","","","","","","","","","","","","","","","","","","","","","14.6","","","","","12.6","","","","","10.1","","","","","9.7","9.6","","","","",
"Italy","ITA","Mortality from CVD, cancer, diabetes or CRD between exact ages 30 and 70 (%)","SH.DYN.NCOM.ZS","","","","","","","","","","","","","","","","","","","","","","","","","","","","","","","","","","","","","","","","","13.5","","","","","11.6","","","","","10.3","","","","","9.8","9.5","","","","",
"Jamaica","JAM","Mortality from CVD, cancer, diabetes or CRD between exact ages 30 and 70 (%)","SH.DYN.NCOM.ZS","","","","","","","","","","","","","","","","","","","","","","","","","","","","","","","","","","","","","","","","","18.1","","","","","16.1","","","","","15.3","","","","","14.8","14.7","","","","",
"Jordan","JOR","Mortality from CVD, cancer, diabetes or CRD between exact ages 30 and 70 (%)","SH.DYN.NCOM.ZS","","","","","","","","","","","","","","","","","","","","","","","","","","","","","","","","","","","","","","","","","23.5","","","","","22.3","","","","","20.7","","","","","19.4","19.2","","","","",
"Japan","JPN","Mortality from CVD, cancer, diabetes or CRD between exact ages 30 and 70 (%)","SH.DYN.NCOM.ZS","","","","","","","","","","","","","","","","","","","","","","","","","","","","","","","","","","","","","","","","","11.4","","","","","10.4","","","","","9.5","","","","","8.6","8.4","","","","",
"Kazakhstan","KAZ","Mortality from CVD, cancer, diabetes or CRD between exact ages 30 and 70 (%)","SH.DYN.NCOM.ZS","","","","","","","","","","","","","","","","","","","","","","","","","","","","","","","","","","","","","","","","","39.1","","","","","39","","","","","32.9","","","","","28.6","26.8","","","","",
"Kenya","KEN","Mortality from CVD, cancer, diabetes or CRD between exact ages 30 and 70 (%)","SH.DYN.NCOM.ZS","","","","","","","","","","","","","","","","","","","","","","","","","","","","","","","","","","","","","","","","","17.3","","","","","15.4","","","","","13.4","","","","","13.3","13.4","","","","",
"Kyrgyz Republic","KGZ","Mortality from CVD, cancer, diabetes or CRD between exact ages 30 and 70 (%)","SH.DYN.NCOM.ZS","","","","","","","","","","","","","","","","","","","","","","","","","","","","","","","","","","","","","","","","","31.4","","","","","32.3","","","","","27.8","","","","","26.2","24.9","","","","",
"Cambodia","KHM","Mortality from CVD, cancer, diabetes or CRD between exact ages 30 and 70 (%)","SH.DYN.NCOM.ZS","","","","","","","","","","","","","","","","","","","","","","","","","","","","","","","","","","","","","","","","","25.5","","","","","24","","","","","22.2","","","","","21.3","21.1","","","","",
"Kiribati","KIR","Mortality from CVD, cancer, diabetes or CRD between exact ages 30 and 70 (%)","SH.DYN.NCOM.ZS","","","","","","","","","","","","","","","","","","","","","","","","","","","","","","","","","","","","","","","","","29.5","","","","","29.3","","","","","28.8","","","","","28.5","28.4","","","","",
"St. Kitts and Nevis","KNA","Mortality from CVD, cancer, diabetes or CRD between exact ages 30 and 70 (%)","SH.DYN.NCOM.ZS","","","","","","","","","","","","","","","","","","","","","","","","","","","","","","","","","","","","","","","","","","","","","","","","","","","","","","","","","","","","","",
"Korea, Rep.","KOR","Mortality from CVD, cancer, diabetes or CRD between exact ages 30 and 70 (%)","SH.DYN.NCOM.ZS","","","","","","","","","","","","","","","","","","","","","","","","","","","","","","","","","","","","","","","","","16.5","","","","","13.5","","","","","10.6","","","","","8.3","7.8","","","","",
"Kuwait","KWT","Mortality from CVD, cancer, diabetes or CRD between exact ages 30 and 70 (%)","SH.DYN.NCOM.ZS","","","","","","","","","","","","","","","","","","","","","","","","","","","","","","","","","","","","","","","","","21.7","","","","","20.5","","","","","19.3","","","","","17.6","17.4","","","","",
"Latin America & Caribbean (excluding high income)","LAC","Mortality from CVD, cancer, diabetes or CRD between exact ages 30 and 70 (%)","SH.DYN.NCOM.ZS","","","","","","","","","","","","","","","","","","","","","","","","","","","","","","","","","","","","","","","","","20.8938191713278","","","","","18.8427605285318","","","","","17.5781148277112","","","","","16.4030354607928","16.1339812988248","","","","",
"Lao PDR","LAO","Mortality from CVD, cancer, diabetes or CRD between exact ages 30 and 70 (%)","SH.DYN.NCOM.ZS","","","","","","","","","","","","","","","","","","","","","","","","","","","","","","","","","","","","","","","","","29.2","","","","","28.9","","","","","27.9","","","","","27.1","27","","","","",
"Lebanon","LBN","Mortality from CVD, cancer, diabetes or CRD between exact ages 30 and 70 (%)","SH.DYN.NCOM.ZS","","","","","","","","","","","","","","","","","","","","","","","","","","","","","","","","","","","","","","","","","21.2","","","","","19.6","","","","","18.1","","","","","17.9","17.9","","","","",
"Liberia","LBR","Mortality from CVD, cancer, diabetes or CRD between exact ages 30 and 70 (%)","SH.DYN.NCOM.ZS","","","","","","","","","","","","","","","","","","","","","","","","","","","","","","","","","","","","","","","","","18.1","","","","","19","","","","","18","","","","","17.2","17.6","","","","",
"Libya","LBY","Mortality from CVD, cancer, diabetes or CRD between exact ages 30 and 70 (%)","SH.DYN.NCOM.ZS","","","","","","","","","","","","","","","","","","","","","","","","","","","","","","","","","","","","","","","","","22.7","","","","","21.9","","","","","20.7","","","","","19.7","20.1","","","","",
"St. Lucia","LCA","Mortality from CVD, cancer, diabetes or CRD between exact ages 30 and 70 (%)","SH.DYN.NCOM.ZS","","","","","","","","","","","","","","","","","","","","","","","","","","","","","","","","","","","","","","","","","24.9","","","","","24.8","","","","","19.4","","","","","19","18.8","","","","",
"Latin America & Caribbean","LCN","Mortality from CVD, cancer, diabetes or CRD between exact ages 30 and 70 (%)","SH.DYN.NCOM.ZS","","","","","","","","","","","","","","","","","","","","","","","","","","","","","","","","","","","","","","","","","20.6610388701559","","","","","18.6718003974234","","","","","17.4270121846162","","","","","16.273906231193","16.0103869300443","","","","",
"Least developed countries: UN classification","LDC","Mortality from CVD, cancer, diabetes or CRD between exact ages 30 and 70 (%)","SH.DYN.NCOM.ZS","","","","","","","","","","","","","","","","","","","","","","","","","","","","","","","","","","","","","","","","","24.2401404280373","","","","","23.4177354145434","","","","","22.4439694957263","","","","","21.7256585120735","21.6288504541136","","","","",
"Low income","LIC","Mortality from CVD, cancer, diabetes or CRD between exact ages 30 and 70 (%)","SH.DYN.NCOM.ZS","","","","","","","","","","","","","","","","","","","","","","","","","","","","","","","","","","","","","","","","","25.2233761292508","","","","","24.33773890424","","","","","23.1635109265274","","","","","22.3979632047341","22.3302007487144","","","","",
"Liechtenstein","LIE","Mortality from CVD, cancer, diabetes or CRD between exact ages 30 and 70 (%)","SH.DYN.NCOM.ZS","","","","","","","","","","","","","","","","","","","","","","","","","","","","","","","","","","","","","","","","","","","","","","","","","","","","","","","","","","","","","",
"Sri Lanka","LKA","Mortality from CVD, cancer, diabetes or CRD between exact ages 30 and 70 (%)","SH.DYN.NCOM.ZS","","","","","","","","","","","","","","","","","","","","","","","","","","","","","","","","","","","","","","","","","21.5","","","","","17.9","","","","","17.6","","","","","17.6","17.4","","","","",
"Lower middle income","LMC","Mortality from CVD, cancer, diabetes or CRD between exact ages 30 and 70 (%)","SH.DYN.NCOM.ZS","","","","","","","","","","","","","","","","","","","","","","","","","","","","","","","","","","","","","","","","","25.6424795344966","","","","","24.6653815024511","","","","","23.5100719246735","","","","","22.7517381957335","22.5418729684674","","","","",
"Low & middle income","LMY","Mortality from CVD, cancer, diabetes or CRD between exact ages 30 and 70 (%)","SH.DYN.NCOM.ZS","","","","","","","","","","","","","","","","","","","","","","","","","","","","","","","","","","","","","","","","","24.2959963847017","","","","","22.7577074504142","","","","","21.4842576131096","","","","","20.5594012398387","20.2919451442841","","","","",
"Lesotho","LSO","Mortality from CVD, cancer, diabetes or CRD between exact ages 30 and 70 (%)","SH.DYN.NCOM.ZS","","","","","","","","","","","","","","","","","","","","","","","","","","","","","","","","","","","","","","","","","26.6","","","","","26.5","","","","","27","","","","","26.6","26.6","","","","",
"Late-demographic dividend","LTE","Mortality from CVD, cancer, diabetes or CRD between exact ages 30 and 70 (%)","SH.DYN.NCOM.ZS","","","","","","","","","","","","","","","","","","","","","","","","","","","","","","","","","","","","","","","","","23.1696569671754","","","","","20.8527888913168","","","","","19.2307565400708","","","","","18.0318237314402","17.6459422057995","","","","",
"Lithuania","LTU","Mortality from CVD, cancer, diabetes or CRD between exact ages 30 and 70 (%)","SH.DYN.NCOM.ZS","","","","","","","","","","","","","","","","","","","","","","","","","","","","","","","","","","","","","","","","","24.2","","","","","25.9","","","","","23.6","","","","","22.2","20.7","","","","",
"Luxembourg","LUX","Mortality from CVD, cancer, diabetes or CRD between exact ages 30 and 70 (%)","SH.DYN.NCOM.ZS","","","","","","","","","","","","","","","","","","","","","","","","","","","","","","","","","","","","","","","","","15","","","","","13.1","","","","","11.5","","","","","9.6","10","","","","",
"Latvia","LVA","Mortality from CVD, cancer, diabetes or CRD between exact ages 30 and 70 (%)","SH.DYN.NCOM.ZS","","","","","","","","","","","","","","","","","","","","","","","","","","","","","","","","","","","","","","","","","27.9","","","","","28.4","","","","","25.8","","","","","22.2","21.9","","","","",
"Macao SAR, China","MAC","Mortality from CVD, cancer, diabetes or CRD between exact ages 30 and 70 (%)","SH.DYN.NCOM.ZS","","","","","","","","","","","","","","","","","","","","","","","","","","","","","","","","","","","","","","","","","","","","","","","","","","","","","","","","","","","","","",
"St. Martin (French part)","MAF","Mortality from CVD, cancer, diabetes or CRD between exact ages 30 and 70 (%)","SH.DYN.NCOM.ZS","","","","","","","","","","","","","","","","","","","","","","","","","","","","","","","","","","","","","","","","","","","","","","","","","","","","","","","","","","","","","",
"Morocco","MAR","Mortality from CVD, cancer, diabetes or CRD between exact ages 30 and 70 (%)","SH.DYN.NCOM.ZS","","","","","","","","","","","","","","","","","","","","","","","","","","","","","","","","","","","","","","","","","24.4","","","","","18.6","","","","","13.8","","","","","12.5","12.4","","","","",
"Monaco","MCO","Mortality from CVD, cancer, diabetes or CRD between exact ages 30 and 70 (%)","SH.DYN.NCOM.ZS","","","","","","","","","","","","","","","","","","","","","","","","","","","","","","","","","","","","","","","","","","","","","","","","","","","","","","","","","","","","","",
"Moldova","MDA","Mortality from CVD, cancer, diabetes or CRD between exact ages 30 and 70 (%)","SH.DYN.NCOM.ZS","","","","","","","","","","","","","","","","","","","","","","","","","","","","","","","","","","","","","","","","","31.9","","","","","31.6","","","","","29.5","","","","","27.5","24.9","","","","",
"Madagascar","MDG","Mortality from CVD, cancer, diabetes or CRD between exact ages 30 and 70 (%)","SH.DYN.NCOM.ZS","","","","","","","","","","","","","","","","","","","","","","","","","","","","","","","","","","","","","","","","","27.2","","","","","25.4","","","","","24.5","","","","","23.1","22.9","","","","",
"Maldives","MDV","Mortality from CVD, cancer, diabetes or CRD between exact ages 30 and 70 (%)","SH.DYN.NCOM.ZS","","","","","","","","","","","","","","","","","","","","","","","","","","","","","","","","","","","","","","","","","26.8","","","","","20.5","","","","","16.7","","","","","13.9","13.4","","","","",
"Middle East & North Africa","MEA","Mortality from CVD, cancer, diabetes or CRD between exact ages 30 and 70 (%)","SH.DYN.NCOM.ZS","","","","","","","","","","","","","","","","","","","","","","","","","","","","","","","","","","","","","","","","","23.4140804217713","","","","","21.9450082745733","","","","","20.3445252401138","","","","","19.1128211401659","18.8612088108048","","","","",
"Mexico","MEX","Mortality from CVD, cancer, diabetes or CRD between exact ages 30 and 70 (%)","SH.DYN.NCOM.ZS","","","","","","","","","","","","","","","","","","","","","","","","","","","","","","","","","","","","","","","","","16.8","","","","","17.1","","","","","16.3","","","","","15.9","15.7","","","","",
"Marshall Islands","MHL","Mortality from CVD, cancer, diabetes or CRD between exact ages 30 and 70 (%)","SH.DYN.NCOM.ZS","","","","","","","","","","","","","","","","","","","","","","","","","","","","","","","","","","","","","","","","","","","","","","","","","","","","","","","","","","","","","",
"Middle income","MIC","Mortality from CVD, cancer, diabetes or CRD between exact ages 30 and 70 (%)","SH.DYN.NCOM.ZS","","","","","","","","","","","","","","","","","","","","","","","","","","","","","","","","","","","","","","","","","24.2394933153804","","","","","22.6590116520953","","","","","21.3742467755284","","","","","20.4333335556775","20.1508639462573","","","","",
"North Macedonia","MKD","Mortality from CVD, cancer, diabetes or CRD between exact ages 30 and 70 (%)","SH.DYN.NCOM.ZS","","","","","","","","","","","","","","","","","","","","","","","","","","","","","","","","","","","","","","","","","26","","","","","24.3","","","","","23","","","","","20.7","20.3","","","","",
"Mali","MLI","Mortality from CVD, cancer, diabetes or CRD between exact ages 30 and 70 (%)","SH.DYN.NCOM.ZS","","","","","","","","","","","","","","","","","","","","","","","","","","","","","","","","","","","","","","","","","27.5","","","","","25.4","","","","","25","","","","","24.8","24.6","","","","",
"Malta","MLT","Mortality from CVD, cancer, diabetes or CRD between exact ages 30 and 70 (%)","SH.DYN.NCOM.ZS","","","","","","","","","","","","","","","","","","","","","","","","","","","","","","","","","","","","","","","","","15.5","","","","","13","","","","","11.2","","","","","10.8","10.8","","","","",
"Myanmar","MMR","Mortality from CVD, cancer, diabetes or CRD between exact ages 30 and 70 (%)","SH.DYN.NCOM.ZS","","","","","","","","","","","","","","","","","","","","","","","","","","","","","","","","","","","","","","","","","25","","","","","25.8","","","","","25.1","","","","","24.3","24.2","","","","",
"Middle East & North Africa (excluding high income)","MNA","Mortality from CVD, cancer, diabetes or CRD between exact ages 30 and 70 (%)","SH.DYN.NCOM.ZS","","","","","","","","","","","","","","","","","","","","","","","","","","","","","","","","","","","","","","","","","24.1157105390533","","","","","22.655642437688","","","","","21.0525251025784","","","","","19.8524926058416","19.5741914757229","","","","",
"Montenegro","MNE","Mortality from CVD, cancer, diabetes or CRD between exact ages 30 and 70 (%)","SH.DYN.NCOM.ZS","","","","","","","","","","","","","","","","","","","","","","","","","","","","","","","","","","","","","","","","","25.7","","","","","25.5","","","","","22.1","","","","","20.9","20.6","","","","",
"Mongolia","MNG","Mortality from CVD, cancer, diabetes or CRD between exact ages 30 and 70 (%)","SH.DYN.NCOM.ZS","","","","","","","","","","","","","","","","","","","","","","","","","","","","","","","","","","","","","","","","","38.9","","","","","35.6","","","","","32.3","","","","","30.4","30.2","","","","",
"Northern Mariana Islands","MNP","Mortality from CVD, cancer, diabetes or CRD between exact ages 30 and 70 (%)","SH.DYN.NCOM.ZS","","","","","","","","","","","","","","","","","","","","","","","","","","","","","","","","","","","","","","","","","","","","","","","","","","","","","","","","","","","","","",
"Mozambique","MOZ","Mortality from CVD, cancer, diabetes or CRD between exact ages 30 and 70 (%)","SH.DYN.NCOM.ZS","","","","","","","","","","","","","","","","","","","","","","","","","","","","","","","","","","","","","","","","","27.3","","","","","22.7","","","","","20.3","","","","","18.4","18.4","","","","",
"Mauritania","MRT","Mortality from CVD, cancer, diabetes or CRD between exact ages 30 and 70 (%)","SH.DYN.NCOM.ZS","","","","","","","","","","","","","","","","","","","","","","","","","","","","","","","","","","","","","","","","","18.1","","","","","17.8","","","","","17.9","","","","","18","18.1","","","","",
"Mauritius","MUS","Mortality from CVD, cancer, diabetes or CRD between exact ages 30 and 70 (%)","SH.DYN.NCOM.ZS","","","","","","","","","","","","","","","","","","","","","","","","","","","","","","","","","","","","","","","","","29.7","","","","","27.2","","","","","24.1","","","","","22.8","22.6","","","","",
"Malawi","MWI","Mortality from CVD, cancer, diabetes or CRD between exact ages 30 and 70 (%)","SH.DYN.NCOM.ZS","","","","","","","","","","","","","","","","","","","","","","","","","","","","","","","","","","","","","","","","","21","","","","","19.4","","","","","17.5","","","","","16.3","16.4","","","","",
"Malaysia","MYS","Mortality from CVD, cancer, diabetes or CRD between exact ages 30 and 70 (%)","SH.DYN.NCOM.ZS","","","","","","","","","","","","","","","","","","","","","","","","","","","","","","","","","","","","","","","","","20.3","","","","","19.3","","","","","18.2","","","","","17.3","17.2","","","","",
"North America","NAC","Mortality from CVD, cancer, diabetes or CRD between exact ages 30 and 70 (%)","SH.DYN.NCOM.ZS","","","","","","","","","","","","","","","","","","","","","","","","","","","","","","","","","","","","","","","","","17.6271501215551","","","","","15.6463846448959","","","","","14.1433929921622","","","","","13.8431093071987","14.0885244894208","","","","",
"Namibia","NAM","Mortality from CVD, cancer, diabetes or CRD between exact ages 30 and 70 (%)","SH.DYN.NCOM.ZS","","","","","","","","","","","","","","","","","","","","","","","","","","","","","","","","","","","","","","","","","25.6","","","","","24.3","","","","","23.2","","","","","21.6","21.3","","","","",
"New Caledonia","NCL","Mortality from CVD, cancer, diabetes or CRD between exact ages 30 and 70 (%)","SH.DYN.NCOM.ZS","","","","","","","","","","","","","","","","","","","","","","","","","","","","","","","","","","","","","","","","","","","","","","","","","","","","","","","","","","","","","",
"Niger","NER","Mortality from CVD, cancer, diabetes or CRD between exact ages 30 and 70 (%)","SH.DYN.NCOM.ZS","","","","","","","","","","","","","","","","","","","","","","","","","","","","","","","","","","","","","","","","","20.1","","","","","21","","","","","20.8","","","","","20.2","20","","","","",
"Nigeria","NGA","Mortality from CVD, cancer, diabetes or CRD between exact ages 30 and 70 (%)","SH.DYN.NCOM.ZS","","","","","","","","","","","","","","","","","","","","","","","","","","","","","","","","","","","","","","","","","25.5","","","","","24.9","","","","","22.9","","","","","22.5","22.5","","","","",
"Nicaragua","NIC","Mortality from CVD, cancer, diabetes or CRD between exact ages 30 and 70 (%)","SH.DYN.NCOM.ZS","","","","","","","","","","","","","","","","","","","","","","","","","","","","","","","","","","","","","","","","","19.5","","","","","17.2","","","","","15.4","","","","","14.4","14.2","","","","",
"Netherlands","NLD","Mortality from CVD, cancer, diabetes or CRD between exact ages 30 and 70 (%)","SH.DYN.NCOM.ZS","","","","","","","","","","","","","","","","","","","","","","","","","","","","","","","","","","","","","","","","","16.2","","","","","13.9","","","","","12.5","","","","","11.3","11.2","","","","",
"Norway","NOR","Mortality from CVD, cancer, diabetes or CRD between exact ages 30 and 70 (%)","SH.DYN.NCOM.ZS","","","","","","","","","","","","","","","","","","","","","","","","","","","","","","","","","","","","","","","","","14.2","","","","","12.2","","","","","11.3","","","","","9.3","9.2","","","","",
"Nepal","NPL","Mortality from CVD, cancer, diabetes or CRD between exact ages 30 and 70 (%)","SH.DYN.NCOM.ZS","","","","","","","","","","","","","","","","","","","","","","","","","","","","","","","","","","","","","","","","","27.3","","","","","25.8","","","","","23.8","","","","","22.2","21.8","","","","",
"Nauru","NRU","Mortality from CVD, cancer, diabetes or CRD between exact ages 30 and 70 (%)","SH.DYN.NCOM.ZS","","","","","","","","","","","","","","","","","","","","","","","","","","","","","","","","","","","","","","","","","","","","","","","","","","","","","","","","","","","","","",
"New Zealand","NZL","Mortality from CVD, cancer, diabetes or CRD between exact ages 30 and 70 (%)","SH.DYN.NCOM.ZS","","","","","","","","","","","","","","","","","","","","","","","","","","","","","","","","","","","","","","","","","15.9","","","","","13.3","","","","","11.8","","","","","10.4","10.1","","","","",
"OECD members","OED","Mortality from CVD, cancer, diabetes or CRD between exact ages 30 and 70 (%)","SH.DYN.NCOM.ZS","","","","","","","","","","","","","","","","","","","","","","","","","","","","","","","","","","","","","","","","","16.4543101378818","","","","","14.7754644256348","","","","","13.4132400745301","","","","","12.6563932070625","12.5383730084719","","","","",
"Oman","OMN","Mortality from CVD, cancer, diabetes or CRD between exact ages 30 and 70 (%)","SH.DYN.NCOM.ZS","","","","","","","","","","","","","","","","","","","","","","","","","","","","","","","","","","","","","","","","","23.4","","","","","21.8","","","","","20.2","","","","","18.1","17.8","","","","",
"Other small states","OSS","Mortality from CVD, cancer, diabetes or CRD between exact ages 30 and 70 (%)","SH.DYN.NCOM.ZS","","","","","","","","","","","","","","","","","","","","","","","","","","","","","","","","","","","","","","","","","23.6398528996772","","","","","21.8264658556968","","","","","19.7934261919365","","","","","18.5581001745756","18.3804543697492","","","","",
"Pakistan","PAK","Mortality from CVD, cancer, diabetes or CRD between exact ages 30 and 70 (%)","SH.DYN.NCOM.ZS","","","","","","","","","","","","","","","","","","","","","","","","","","","","","","","","","","","","","","","","","26.7","","","","","26.7","","","","","25.6","","","","","24.8","24.7","","","","",
"Panama","PAN","Mortality from CVD, cancer, diabetes or CRD between exact ages 30 and 70 (%)","SH.DYN.NCOM.ZS","","","","","","","","","","","","","","","","","","","","","","","","","","","","","","","","","","","","","","","","","15","","","","","14.6","","","","","13.4","","","","","13.2","13","","","","",
"Peru","PER","Mortality from CVD, cancer, diabetes or CRD between exact ages 30 and 70 (%)","SH.DYN.NCOM.ZS","","","","","","","","","","","","","","","","","","","","","","","","","","","","","","","","","","","","","","","","","15.3","","","","","14","","","","","13.6","","","","","12.8","12.6","","","","",
"Philippines","PHL","Mortality from CVD, cancer, diabetes or CRD between exact ages 30 and 70 (%)","SH.DYN.NCOM.ZS","","","","","","","","","","","","","","","","","","","","","","","","","","","","","","","","","","","","","","","","","26.8","","","","","28.4","","","","","27.6","","","","","26.9","26.8","","","","",
"Palau","PLW","Mortality from CVD, cancer, diabetes or CRD between exact ages 30 and 70 (%)","SH.DYN.NCOM.ZS","","","","","","","","","","","","","","","","","","","","","","","","","","","","","","","","","","","","","","","","","","","","","","","","","","","","","","","","","","","","","",
"Papua New Guinea","PNG","Mortality from CVD, cancer, diabetes or CRD between exact ages 30 and 70 (%)","SH.DYN.NCOM.ZS","","","","","","","","","","","","","","","","","","","","","","","","","","","","","","","","","","","","","","","","","31.2","","","","","29.3","","","","","28.2","","","","","29.9","30","","","","",
"Poland","POL","Mortality from CVD, cancer, diabetes or CRD between exact ages 30 and 70 (%)","SH.DYN.NCOM.ZS","","","","","","","","","","","","","","","","","","","","","","","","","","","","","","","","","","","","","","","","","24.8","","","","","22.3","","","","","20.4","","","","","19.3","18.7","","","","",
"Pre-demographic dividend","PRE","Mortality from CVD, cancer, diabetes or CRD between exact ages 30 and 70 (%)","SH.DYN.NCOM.ZS","","","","","","","","","","","","","","","","","","","","","","","","","","","","","","","","","","","","","","","","","24.5797841427567","","","","","23.5095001873602","","","","","22.0096283844493","","","","","21.3266979857635","21.261291789947","","","","",
"Puerto Rico","PRI","Mortality from CVD, cancer, diabetes or CRD between exact ages 30 and 70 (%)","SH.DYN.NCOM.ZS","","","","","","","","","","","","","","","","","","","","","","","","","","","","","","","","","","","","","","","","","","","","","","","","","","","","","","","","","","","","","",
"Korea, Dem. People’s Rep.","PRK","Mortality from CVD, cancer, diabetes or CRD between exact ages 30 and 70 (%)","SH.DYN.NCOM.ZS","","","","","","","","","","","","","","","","","","","","","","","","","","","","","","","","","","","","","","","","","23.6","","","","","26.5","","","","","27.3","","","","","25.8","25.6","","","","",
"Portugal","PRT","Mortality from CVD, cancer, diabetes or CRD between exact ages 30 and 70 (%)","SH.DYN.NCOM.ZS","","","","","","","","","","","","","","","","","","","","","","","","","","","","","","","","","","","","","","","","","15.7","","","","","13.8","","","","","12.1","","","","","11.2","11.1","","","","",
"Paraguay","PRY","Mortality from CVD, cancer, diabetes or CRD between exact ages 30 and 70 (%)","SH.DYN.NCOM.ZS","","","","","","","","","","","","","","","","","","","","","","","","","","","","","","","","","","","","","","","","","21.2","","","","","19.8","","","","","18.6","","","","","17.7","17.5","","","","",
"West Bank and Gaza","PSE","Mortality from CVD, cancer, diabetes or CRD between exact ages 30 and 70 (%)","SH.DYN.NCOM.ZS","","","","","","","","","","","","","","","","","","","","","","","","","","","","","","","","","","","","","","","","","","","","","","","","","","","","","","","","","","","","","",
"Pacific island small states","PSS","Mortality from CVD, cancer, diabetes or CRD between exact ages 30 and 70 (%)","SH.DYN.NCOM.ZS","","","","","","","","","","","","","","","","","","","","","","","","","","","","","","","","","","","","","","","","","32.7067351011297","","","","","31.341198336554","","","","","28.9551089876704","","","","","27.180366479361","26.8370755043062","","","","",
"Post-demographic dividend","PST","Mortality from CVD, cancer, diabetes or CRD between exact ages 30 and 70 (%)","SH.DYN.NCOM.ZS","","","","","","","","","","","","","","","","","","","","","","","","","","","","","","","","","","","","","","","","","16.9079085195981","","","","","15.2083494319694","","","","","13.505994650244","","","","","12.5774127808865","12.4257693512744","","","","",
"French Polynesia","PYF","Mortality from CVD, cancer, diabetes or CRD between exact ages 30 and 70 (%)","SH.DYN.NCOM.ZS","","","","","","","","","","","","","","","","","","","","","","","","","","","","","","","","","","","","","","","","","","","","","","","","","","","","","","","","","","","","","",
"Qatar","QAT","Mortality from CVD, cancer, diabetes or CRD between exact ages 30 and 70 (%)","SH.DYN.NCOM.ZS","","","","","","","","","","","","","","","","","","","","","","","","","","","","","","","","","","","","","","","","","18.3","","","","","16.7","","","","","16.4","","","","","15.4","15.3","","","","",
"Romania","ROU","Mortality from CVD, cancer, diabetes or CRD between exact ages 30 and 70 (%)","SH.DYN.NCOM.ZS","","","","","","","","","","","","","","","","","","","","","","","","","","","","","","","","","","","","","","","","","26.4","","","","","25.4","","","","","23.4","","","","","21.5","21.4","","","","",
"Russian Federation","RUS","Mortality from CVD, cancer, diabetes or CRD between exact ages 30 and 70 (%)","SH.DYN.NCOM.ZS","","","","","","","","","","","","","","","","","","","","","","","","","","","","","","","","","","","","","","","","","37","","","","","37.1","","","","","30.4","","","","","25.9","25.4","","","","",
"Rwanda","RWA","Mortality from CVD, cancer, diabetes or CRD between exact ages 30 and 70 (%)","SH.DYN.NCOM.ZS","","","","","","","","","","","","","","","","","","","","","","","","","","","","","","","","","","","","","","","","","30.1","","","","","22.4","","","","","19.2","","","","","18.3","18.2","","","","",
"South Asia","SAS","Mortality from CVD, cancer, diabetes or CRD between exact ages 30 and 70 (%)","SH.DYN.NCOM.ZS","","","","","","","","","","","","","","","","","","","","","","","","","","","","","","","","","","","","","","","","","26.1755833020811","","","","","24.9539352991435","","","","","24.1315620390996","","","","","23.4362160916513","23.2568812380934","","","","",
"Saudi Arabia","SAU","Mortality from CVD, cancer, diabetes or CRD between exact ages 30 and 70 (%)","SH.DYN.NCOM.ZS","","","","","","","","","","","","","","","","","","","","","","","","","","","","","","","","","","","","","","","","","18.9","","","","","18.4","","","","","17.9","","","","","16.5","16.4","","","","",
"Sudan","SDN","Mortality from CVD, cancer, diabetes or CRD between exact ages 30 and 70 (%)","SH.DYN.NCOM.ZS","","","","","","","","","","","","","","","","","","","","","","","","","","","","","","","","","","","","","","","","","29.8","","","","","28.8","","","","","26.8","","","","","26","26","","","","",
"Senegal","SEN","Mortality from CVD, cancer, diabetes or CRD between exact ages 30 and 70 (%)","SH.DYN.NCOM.ZS","","","","","","","","","","","","","","","","","","","","","","","","","","","","","","","","","","","","","","","","","21.3","","","","","21.9","","","","","20","","","","","18.4","18.1","","","","",
"Singapore","SGP","Mortality from CVD, cancer, diabetes or CRD between exact ages 30 and 70 (%)","SH.DYN.NCOM.ZS","","","","","","","","","","","","","","","","","","","","","","","","","","","","","","","","","","","","","","","","","16.8","","","","","13.3","","","","","11.3","","","","","10","9.3","","","","",
"Solomon Islands","SLB","Mortality from CVD, cancer, diabetes or CRD between exact ages 30 and 70 (%)","SH.DYN.NCOM.ZS","","","","","","","","","","","","","","","","","","","","","","","","","","","","","","","","","","","","","","","","","31.2","","","","","28.5","","","","","25.8","","","","","24.4","23.8","","","","",
"Sierra Leone","SLE","Mortality from CVD, cancer, diabetes or CRD between exact ages 30 and 70 (%)","SH.DYN.NCOM.ZS","","","","","","","","","","","","","","","","","","","","","","","","","","","","","","","","","","","","","","","","","36.7","","","","","33.9","","","","","31.8","","","","","30","30.5","","","","",
"El Salvador","SLV","Mortality from CVD, cancer, diabetes or CRD between exact ages 30 and 70 (%)","SH.DYN.NCOM.ZS","","","","","","","","","","","","","","","","","","","","","","","","","","","","","","","","","","","","","","","","","17.1","","","","","15.7","","","","","14.7","","","","","14.1","14","","","","",
"San Marino","SMR","Mortality from CVD, cancer, diabetes or CRD between exact ages 30 and 70 (%)","SH.DYN.NCOM.ZS","","","","","","","","","","","","","","","","","","","","","","","","","","","","","","","","","","","","","","","","","","","","","","","","","","","","","","","","","","","","","",
"Somalia","SOM","Mortality from CVD, cancer, diabetes or CRD between exact ages 30 and 70 (%)","SH.DYN.NCOM.ZS","","","","","","","","","","","","","","","","","","","","","","","","","","","","","","","","","","","","","","","","","24.1","","","","","23.9","","","","","21.6","","","","","21.9","21.8","","","","",
"Serbia","SRB","Mortality from CVD, cancer, diabetes or CRD between exact ages 30 and 70 (%)","SH.DYN.NCOM.ZS","","","","","","","","","","","","","","","","","","","","","","","","","","","","","","","","","","","","","","","","","28.5","","","","","26.1","","","","","22.5","","","","","20.1","19.1","","","","",
"Sub-Saharan Africa (excluding high income)","SSA","Mortality from CVD, cancer, diabetes or CRD between exact ages 30 and 70 (%)","SH.DYN.NCOM.ZS","","","","","","","","","","","","","","","","","","","","","","","","","","","","","","","","","","","","","","","","","24.3724168403719","","","","","23.218822003008","","","","","21.8086228702948","","","","","21.1094794968096","21.0126294397073","","","","",
"South Sudan","SSD","Mortality from CVD, cancer, diabetes or CRD between exact ages 30 and 70 (%)","SH.DYN.NCOM.ZS","","","","","","","","","","","","","","","","","","","","","","","","","","","","","","","","","","","","","","","","","23.8","","","","","22.3","","","","","20.3","","","","","19.6","19.8","","","","",
"Sub-Saharan Africa","SSF","Mortality from CVD, cancer, diabetes or CRD between exact ages 30 and 70 (%)","SH.DYN.NCOM.ZS","","","","","","","","","","","","","","","","","","","","","","","","","","","","","","","","","","","","","","","","","24.3882754252113","","","","","23.2301165109659","","","","","21.8148952806455","","","","","21.1135334021732","21.0163308294783","","","","",
"Small states","SST","Mortality from CVD, cancer, diabetes or CRD between exact ages 30 and 70 (%)","SH.DYN.NCOM.ZS","","","","","","","","","","","","","","","","","","","","","","","","","","","","","","","","","","","","","","","","","24.1999092898727","","","","","22.3600356121495","","","","","20.4125721503458","","","","","19.1645009143702","18.9835121602151","","","","",
"Sao Tome and Principe","STP","Mortality from CVD, cancer, diabetes or CRD between exact ages 30 and 70 (%)","SH.DYN.NCOM.ZS","","","","","","","","","","","","","","","","","","","","","","","","","","","","","","","","","","","","","","","","","19.8","","","","","19","","","","","18.6","","","","","18.6","18.5","","","","",
"Suriname","SUR","Mortality from CVD, cancer, diabetes or CRD between exact ages 30 and 70 (%)","SH.DYN.NCOM.ZS","","","","","","","","","","","","","","","","","","","","","","","","","","","","","","","","","","","","","","","","","28","","","","","25.1","","","","","23","","","","","21.8","21.7","","","","",
"Slovak Republic","SVK","Mortality from CVD, cancer, diabetes or CRD between exact ages 30 and 70 (%)","SH.DYN.NCOM.ZS","","","","","","","","","","","","","","","","","","","","","","","","","","","","","","","","","","","","","","","","","25.3","","","","","22.9","","","","","20.4","","","","","17.7","17.2","","","","",
"Slovenia","SVN","Mortality from CVD, cancer, diabetes or CRD between exact ages 30 and 70 (%)","SH.DYN.NCOM.ZS","","","","","","","","","","","","","","","","","","","","","","","","","","","","","","","","","","","","","","","","","18.5","","","","","16.1","","","","","13.5","","","","","13.1","12.7","","","","",
"Sweden","SWE","Mortality from CVD, cancer, diabetes or CRD between exact ages 30 and 70 (%)","SH.DYN.NCOM.ZS","","","","","","","","","","","","","","","","","","","","","","","","","","","","","","","","","","","","","","","","","13.2","","","","","11.8","","","","","10.4","","","","","9.3","9.1","","","","",
"Eswatini","SWZ","Mortality from CVD, cancer, diabetes or CRD between exact ages 30 and 70 (%)","SH.DYN.NCOM.ZS","","","","","","","","","","","","","","","","","","","","","","","","","","","","","","","","","","","","","","","","","27.2","","","","","27.3","","","","","26.6","","","","","26.6","26.7","","","","",
"Sint Maarten (Dutch part)","SXM","Mortality from CVD, cancer, diabetes or CRD between exact ages 30 and 70 (%)","SH.DYN.NCOM.ZS","","","","","","","","","","","","","","","","","","","","","","","","","","","","","","","","","","","","","","","","","","","","","","","","","","","","","","","","","","","","","",
"Seychelles","SYC","Mortality from CVD, cancer, diabetes or CRD between exact ages 30 and 70 (%)","SH.DYN.NCOM.ZS","","","","","","","","","","","","","","","","","","","","","","","","","","","","","","","","","","","","","","","","","24.1","","","","","23.4","","","","","22.8","","","","","21.3","21.2","","","","",
"Syrian Arab Republic","SYR","Mortality from CVD, cancer, diabetes or CRD between exact ages 30 and 70 (%)","SH.DYN.NCOM.ZS","","","","","","","","","","","","","","","","","","","","","","","","","","","","","","","","","","","","","","","","","22.6","","","","","22.2","","","","","22.1","","","","","21.8","21.8","","","","",
"Turks and Caicos Islands","TCA","Mortality from CVD, cancer, diabetes or CRD between exact ages 30 and 70 (%)","SH.DYN.NCOM.ZS","","","","","","","","","","","","","","","","","","","","","","","","","","","","","","","","","","","","","","","","","","","","","","","","","","","","","","","","","","","","","",
"Chad","TCD","Mortality from CVD, cancer, diabetes or CRD between exact ages 30 and 70 (%)","SH.DYN.NCOM.ZS","","","","","","","","","","","","","","","","","","","","","","","","","","","","","","","","","","","","","","","","","24.3","","","","","24.5","","","","","24.5","","","","","24.1","23.9","","","","",
"East Asia & Pacific (IDA & IBRD countries)","TEA","Mortality from CVD, cancer, diabetes or CRD between exact ages 30 and 70 (%)","SH.DYN.NCOM.ZS","","","","","","","","","","","","","","","","","","","","","","","","","","","","","","","","","","","","","","","","","22.1073929189339","","","","","20.2691735641427","","","","","19.5450004532966","","","","","18.925564761699","18.6109223831849","","","","",
"Europe & Central Asia (IDA & IBRD countries)","TEC","Mortality from CVD, cancer, diabetes or CRD between exact ages 30 and 70 (%)","SH.DYN.NCOM.ZS","","","","","","","","","","","","","","","","","","","","","","","","","","","","","","","","","","","","","","","","","31.5666114152281","","","","","30.942780407624","","","","","26.2811032511323","","","","","23.1974327764953","22.5994170060076","","","","",
"Togo","TGO","Mortality from CVD, cancer, diabetes or CRD between exact ages 30 and 70 (%)","SH.DYN.NCOM.ZS","","","","","","","","","","","","","","","","","","","","","","","","","","","","","","","","","","","","","","","","","24.9","","","","","25.2","","","","","24.4","","","","","23.5","23.6","","","","",
"Thailand","THA","Mortality from CVD, cancer, diabetes or CRD between exact ages 30 and 70 (%)","SH.DYN.NCOM.ZS","","","","","","","","","","","","","","","","","","","","","","","","","","","","","","","","","","","","","","","","","19.2","","","","","17.7","","","","","15.8","","","","","14.6","14.5","","","","",
"Tajikistan","TJK","Mortality from CVD, cancer, diabetes or CRD between exact ages 30 and 70 (%)","SH.DYN.NCOM.ZS","","","","","","","","","","","","","","","","","","","","","","","","","","","","","","","","","","","","","","","","","27.3","","","","","27.3","","","","","26.1","","","","","25.4","25.3","","","","",
"Turkmenistan","TKM","Mortality from CVD, cancer, diabetes or CRD between exact ages 30 and 70 (%)","SH.DYN.NCOM.ZS","","","","","","","","","","","","","","","","","","","","","","","","","","","","","","","","","","","","","","","","","34","","","","","35.6","","","","","31","","","","","30.6","29.5","","","","",
"Latin America & the Caribbean (IDA & IBRD countries)","TLA","Mortality from CVD, cancer, diabetes or CRD between exact ages 30 and 70 (%)","SH.DYN.NCOM.ZS","","","","","","","","","","","","","","","","","","","","","","","","","","","","","","","","","","","","","","","","","20.7366850175199","","","","","18.7025628781439","","","","","17.4226036853052","","","","","16.2668268527341","16.0017853904985","","","","",
"Timor-Leste","TLS","Mortality from CVD, cancer, diabetes or CRD between exact ages 30 and 70 (%)","SH.DYN.NCOM.ZS","","","","","","","","","","","","","","","","","","","","","","","","","","","","","","","","","","","","","","","","","26.8","","","","","24.3","","","","","23.2","","","","","19.9","19.9","","","","",
"Middle East & North Africa (IDA & IBRD countries)","TMN","Mortality from CVD, cancer, diabetes or CRD between exact ages 30 and 70 (%)","SH.DYN.NCOM.ZS","","","","","","","","","","","","","","","","","","","","","","","","","","","","","","","","","","","","","","","","","24.1157105390533","","","","","22.655642437688","","","","","21.0525251025784","","","","","19.8524926058416","19.5741914757229","","","","",
"Tonga","TON","Mortality from CVD, cancer, diabetes or CRD between exact ages 30 and 70 (%)","SH.DYN.NCOM.ZS","","","","","","","","","","","","","","","","","","","","","","","","","","","","","","","","","","","","","","","","","26.1","","","","","25.3","","","","","24.7","","","","","23.5","23.3","","","","",
"South Asia (IDA & IBRD)","TSA","Mortality from CVD, cancer, diabetes or CRD between exact ages 30 and 70 (%)","SH.DYN.NCOM.ZS","","","","","","","","","","","","","","","","","","","","","","","","","","","","","","","","","","","","","","","","","26.1755833020811","","","","","24.9539352991435","","","","","24.1315620390996","","","","","23.4362160916513","23.2568812380934","","","","",
"Sub-Saharan Africa (IDA & IBRD countries)","TSS","Mortality from CVD, cancer, diabetes or CRD between exact ages 30 and 70 (%)","SH.DYN.NCOM.ZS","","","","","","","","","","","","","","","","","","","","","","","","","","","","","","","","","","","","","","","","","24.3882754252113","","","","","23.2301165109659","","","","","21.8148952806455","","","","","21.1135334021732","21.0163308294783","","","","",
"Trinidad and Tobago","TTO","Mortality from CVD, cancer, diabetes or CRD between exact ages 30 and 70 (%)","SH.DYN.NCOM.ZS","","","","","","","","","","","","","","","","","","","","","","","","","","","","","","","","","","","","","","","","","28.9","","","","","26.4","","","","","23.6","","","","","21.5","21.3","","","","",
"Tunisia","TUN","Mortality from CVD, cancer, diabetes or CRD between exact ages 30 and 70 (%)","SH.DYN.NCOM.ZS","","","","","","","","","","","","","","","","","","","","","","","","","","","","","","","","","","","","","","","","","19.3","","","","","18.2","","","","","17.5","","","","","16.4","16.1","","","","",
"Turkey","TUR","Mortality from CVD, cancer, diabetes or CRD between exact ages 30 and 70 (%)","SH.DYN.NCOM.ZS","","","","","","","","","","","","","","","","","","","","","","","","","","","","","","","","","","","","","","","","","22.3","","","","","20.2","","","","","18.2","","","","","16.4","16.1","","","","",
"Tuvalu","TUV","Mortality from CVD, cancer, diabetes or CRD between exact ages 30 and 70 (%)","SH.DYN.NCOM.ZS","","","","","","","","","","","","","","","","","","","","","","","","","","","","","","","","","","","","","","","","","","","","","","","","","","","","","","","","","","","","","",
"Tanzania","TZA","Mortality from CVD, cancer, diabetes or CRD between exact ages 30 and 70 (%)","SH.DYN.NCOM.ZS","","","","","","","","","","","","","","","","","","","","","","","","","","","","","","","","","","","","","","","","","21.2","","","","","18.8","","","","","17.9","","","","","17.9","17.9","","","","",
"Uganda","UGA","Mortality from CVD, cancer, diabetes or CRD between exact ages 30 and 70 (%)","SH.DYN.NCOM.ZS","","","","","","","","","","","","","","","","","","","","","","","","","","","","","","","","","","","","","","","","","25.9","","","","","24.8","","","","","22.7","","","","","21.9","21.9","","","","",
"Ukraine","UKR","Mortality from CVD, cancer, diabetes or CRD between exact ages 30 and 70 (%)","SH.DYN.NCOM.ZS","","","","","","","","","","","","","","","","","","","","","","","","","","","","","","","","","","","","","","","","","34.3","","","","","35.6","","","","","29.3","","","","","25.9","24.7","","","","",
"Upper middle income","UMC","Mortality from CVD, cancer, diabetes or CRD between exact ages 30 and 70 (%)","SH.DYN.NCOM.ZS","","","","","","","","","","","","","","","","","","","","","","","","","","","","","","","","","","","","","","","","","23.2754074513436","","","","","21.2631933156974","","","","","19.8198333213444","","","","","18.6650121889553","18.3135292511439","","","","",
"Uruguay","URY","Mortality from CVD, cancer, diabetes or CRD between exact ages 30 and 70 (%)","SH.DYN.NCOM.ZS","","","","","","","","","","","","","","","","","","","","","","","","","","","","","","","","","","","","","","","","","20.6","","","","","19.1","","","","","17.7","","","","","17.1","16.7","","","","",
"United States","USA","Mortality from CVD, cancer, diabetes or CRD between exact ages 30 and 70 (%)","SH.DYN.NCOM.ZS","","","","","","","","","","","","","","","","","","","","","","","","","","","","","","","","","","","","","","","","","18","","","","","16","","","","","14.5","","","","","14.3","14.6","","","","",
"Uzbekistan","UZB","Mortality from CVD, cancer, diabetes or CRD between exact ages 30 and 70 (%)","SH.DYN.NCOM.ZS","","","","","","","","","","","","","","","","","","","","","","","","","","","","","","","","","","","","","","","","","29.3","","","","","29.9","","","","","26.5","","","","","24.8","24.5","","","","",
"St. Vincent and the Grenadines","VCT","Mortality from CVD, cancer, diabetes or CRD between exact ages 30 and 70 (%)","SH.DYN.NCOM.ZS","","","","","","","","","","","","","","","","","","","","","","","","","","","","","","","","","","","","","","","","","24.6","","","","","22.8","","","","","21.4","","","","","22.3","23.2","","","","",
"Venezuela, RB","VEN","Mortality from CVD, cancer, diabetes or CRD between exact ages 30 and 70 (%)","SH.DYN.NCOM.ZS","","","","","","","","","","","","","","","","","","","","","","","","","","","","","","","","","","","","","","","","","21.6","","","","","19.4","","","","","18.4","","","","","18.2","18.1","","","","",
"British Virgin Islands","VGB","Mortality from CVD, cancer, diabetes or CRD between exact ages 30 and 70 (%)","SH.DYN.NCOM.ZS","","","","","","","","","","","","","","","","","","","","","","","","","","","","","","","","","","","","","","","","","","","","","","","","","","","","","","","","","","","","","",
"Virgin Islands (U.S.)","VIR","Mortality from CVD, cancer, diabetes or CRD between exact ages 30 and 70 (%)","SH.DYN.NCOM.ZS","","","","","","","","","","","","","","","","","","","","","","","","","","","","","","","","","","","","","","","","","","","","","","","","","","","","","","","","","","","","","",
"Vietnam","VNM","Mortality from CVD, cancer, diabetes or CRD between exact ages 30 and 70 (%)","SH.DYN.NCOM.ZS","","","","","","","","","","","","","","","","","","","","","","","","","","","","","","","","","","","","","","","","","18.6","","","","","18.4","","","","","18","","","","","17.3","17.1","","","","",
"Vanuatu","VUT","Mortality from CVD, cancer, diabetes or CRD between exact ages 30 and 70 (%)","SH.DYN.NCOM.ZS","","","","","","","","","","","","","","","","","","","","","","","","","","","","","","","","","","","","","","","","","27.9","","","","","25.6","","","","","24.9","","","","","23.7","23.3","","","","",
"World","WLD","Mortality from CVD, cancer, diabetes or CRD between exact ages 30 and 70 (%)","SH.DYN.NCOM.ZS","","","","","","","","","","","","","","","","","","","","","","","","","","","","","","","","","","","","","","","","","22.5361804606098","","","","","21.0273136700249","","","","","19.8033254614329","","","","","18.9960355939602","18.7774590782487","","","","",
"Samoa","WSM","Mortality from CVD, cancer, diabetes or CRD between exact ages 30 and 70 (%)","SH.DYN.NCOM.ZS","","","","","","","","","","","","","","","","","","","","","","","","","","","","","","","","","","","","","","","","","29.5","","","","","26.7","","","","","23.4","","","","","20.9","20.6","","","","",
"Kosovo","XKX","Mortality from CVD, cancer, diabetes or CRD between exact ages 30 and 70 (%)","SH.DYN.NCOM.ZS","","","","","","","","","","","","","","","","","","","","","","","","","","","","","","","","","","","","","","","","","","","","","","","","","","","","","","","","","","","","","",
"Yemen, Rep.","YEM","Mortality from CVD, cancer, diabetes or CRD between exact ages 30 and 70 (%)","SH.DYN.NCOM.ZS","","","","","","","","","","","","","","","","","","","","","","","","","","","","","","","","","","","","","","","","","33.1","","","","","32.6","","","","","31.9","","","","","30.7","30.6","","","","",
"South Africa","ZAF","Mortality from CVD, cancer, diabetes or CRD between exact ages 30 and 70 (%)","SH.DYN.NCOM.ZS","","","","","","","","","","","","","","","","","","","","","","","","","","","","","","","","","","","","","","","","","29.4","","","","","28.7","","","","","28.2","","","","","26.6","26.2","","","","",
"Zambia","ZMB","Mortality from CVD, cancer, diabetes or CRD between exact ages 30 and 70 (%)","SH.DYN.NCOM.ZS","","","","","","","","","","","","","","","","","","","","","","","","","","","","","","","","","","","","","","","","","23.2","","","","","21.1","","","","","19.9","","","","","18","17.9","","","","",
"Zimbabwe","ZWE","Mortality from CVD, cancer, diabetes or CRD between exact ages 30 and 70 (%)","SH.DYN.NCOM.ZS","","","","","","","","","","","","","","","","","","","","","","","","","","","","","","","","","","","","","","","","","21.6","","","","","22.5","","","","","21.1","","","","","19.4","19.3","","","","",
